City_ID,City,Country,Lat,Lng,Max Temp,Humidity,Cloudiness,Wind Speed,Current Description
0,Hamilton,US,39.1834,-84.5333,83.71,76,75,11.5,broken clouds
1,Naryan-Mar,RU,67.6713,53.087,62.44,63,75,11.52,broken clouds
2,Vaini,TO,-21.2,-175.2,78.96,83,20,8.05,few clouds
3,Portland,US,45.5234,-122.6762,98.58,39,16,3.0,few clouds
4,Nago,JP,26.5881,127.9761,81.03,79,4,3.96,clear sky
5,Carnarvon,AU,-24.8667,113.6333,69.1,53,100,0.69,overcast clouds
6,Hobart,AU,-42.8794,147.3294,45.27,80,20,5.75,few clouds
7,Cape Town,ZA,-33.9258,18.4232,57.11,80,0,1.99,clear sky
8,Poum,NC,-20.2333,164.0167,72.75,73,93,15.23,overcast clouds
9,Busselton,AU,-33.65,115.3333,52.16,72,4,7.07,clear sky
10,Jumla,NP,29.2747,82.1838,61.9,97,100,0.58,overcast clouds
11,New Norfolk,AU,-42.7826,147.0587,44.92,84,76,1.01,broken clouds
12,Avarua,CK,-21.2078,-159.775,77.05,65,40,20.71,scattered clouds
13,Punta Arenas,CL,-53.15,-70.9167,41.11,71,49,27.94,scattered clouds
14,Tiksi,RU,71.6872,128.8694,61.32,70,41,6.04,scattered clouds
15,Lebu,CL,-37.6167,-73.65,51.22,83,26,8.46,scattered clouds
16,Sao Filipe,CV,14.8961,-24.4956,79.48,86,78,3.53,broken clouds
17,Bihariganj,IN,25.7333,86.9833,84.72,72,97,3.4,overcast clouds
18,Kodiak,US,57.79,-152.4072,62.11,55,0,12.66,clear sky
19,Hermanus,ZA,-34.4187,19.2345,54.81,85,0,12.17,clear sky
20,Bluff,NZ,-46.6,168.3333,47.8,87,100,12.03,light rain
21,Vestmanna,FO,62.1564,-7.1664,50.92,100,100,14.97,overcast clouds
22,Salinopolis,BR,-0.6136,-47.3561,79.3,81,81,10.49,broken clouds
23,Bengkulu,ID,-3.8004,102.2655,75.33,86,65,2.59,broken clouds
24,Port Alfred,ZA,-33.5906,26.891,64.0,73,99,9.01,overcast clouds
25,Lynn Haven,US,30.2455,-85.6483,85.98,75,28,4.0,light rain
26,Garbolovo,RU,60.3413,30.4955,55.72,96,100,4.03,overcast clouds
27,Ushuaia,AR,-54.8,-68.3,44.26,57,40,8.05,scattered clouds
28,Provideniya,RU,64.3833,-173.3,46.51,93,100,4.47,fog
29,Victoria,HK,22.2855,114.1577,85.95,82,0,8.01,clear sky
30,Mataura,NZ,-46.1927,168.8643,47.48,99,100,2.37,overcast clouds
31,Hoima,UG,1.4356,31.3436,66.67,80,71,2.3,broken clouds
32,Yellowknife,CA,62.456,-114.3525,63.52,59,98,8.34,overcast clouds
33,Castro,BR,-24.7911,-50.0119,59.77,69,55,2.53,broken clouds
34,East London,ZA,-33.0153,27.9116,63.66,75,83,3.69,broken clouds
35,Northam,GB,51.0333,-4.2167,56.61,84,93,2.08,overcast clouds
36,Severo-Kurilsk,RU,50.6789,156.125,54.32,88,67,5.88,broken clouds
37,Qaanaaq,GL,77.484,-69.3632,39.99,80,94,6.89,overcast clouds
38,Cabo San Lucas,MX,22.8909,-109.9124,93.61,66,14,4.7,few clouds
39,Mar Del Plata,AR,-38.0023,-57.5575,54.09,98,96,5.99,moderate rain
40,Jalu,LY,29.0331,21.5482,83.98,43,0,14.43,clear sky
41,Port Elizabeth,ZA,-33.918,25.5701,62.44,77,98,8.28,overcast clouds
42,Albany,US,42.6001,-73.9662,83.17,51,99,1.01,overcast clouds
43,Martapura,ID,-3.4167,114.85,75.29,100,75,4.61,mist
44,Hailar,CN,49.2,119.7,63.81,89,100,9.64,overcast clouds
45,Pontian Kecil,MY,1.4801,103.3899,79.25,85,82,3.74,broken clouds
46,Tuktoyaktuk,CA,69.4541,-133.0374,45.79,82,89,11.27,overcast clouds
47,Port Augusta,AU,-32.5,137.7667,42.15,62,6,2.08,clear sky
48,Bredasdorp,ZA,-34.5322,20.0403,49.78,90,0,4.63,clear sky
49,Barrow,US,71.2906,-156.7887,33.49,98,100,17.02,overcast clouds
50,Saskylakh,RU,71.9167,114.0833,64.04,79,100,11.56,overcast clouds
51,Tarabuco,BO,-19.1667,-64.9167,57.16,32,17,5.82,few clouds
52,Arraial Do Cabo,BR,-22.9661,-42.0278,71.46,78,0,13.8,clear sky
53,Kloulklubed,PW,7.0419,134.2556,83.48,72,93,6.96,overcast clouds
54,Cidreira,BR,-30.1811,-50.2056,60.26,86,79,7.18,broken clouds
55,Fortuna,US,40.5982,-124.1573,71.92,71,0,14.97,clear sky
56,Shingu,JP,33.7333,135.9833,80.98,83,13,3.2,few clouds
57,Rikitea,PF,-23.1203,-134.9692,74.1,69,97,14.99,overcast clouds
58,Tasiilaq,GL,65.6145,-37.6368,44.76,91,82,4.52,broken clouds
59,Sisophon,KH,13.5859,102.9737,77.31,91,80,2.89,broken clouds
60,Fort Nelson,CA,58.8053,-122.7002,80.58,37,64,4.5,broken clouds
61,Mayor Pablo Lagerenza,PY,-19.9309,-60.7718,86.5,22,3,6.55,clear sky
62,Valparaiso,CL,-33.0393,-71.6273,57.43,79,0,9.22,clear sky
63,Verkhoyansk,RU,67.5447,133.385,74.44,50,43,1.95,scattered clouds
64,Saint George,US,37.1041,-113.5841,97.39,30,20,5.75,few clouds
65,Flinders,AU,-34.5833,150.8552,53.19,70,0,5.99,clear sky
66,Hovd,MN,48.0056,91.6419,58.03,45,100,0.16,overcast clouds
67,San Vicente,AR,-26.6167,-54.1333,64.71,71,51,1.95,broken clouds
68,Karratha,AU,-20.7377,116.8463,67.3,47,2,8.72,clear sky
69,Crossfield,CA,51.4334,-114.0353,81.99,46,5,5.01,clear sky
70,Isangel,VU,-19.55,169.2667,76.96,83,67,12.66,broken clouds
71,Nanortalik,GL,60.1432,-45.2371,43.99,84,70,6.17,broken clouds
72,Amapa,BR,1.0,-52.0,74.55,92,59,1.48,broken clouds
73,Atuona,PF,-9.8,-139.0333,77.83,63,0,20.89,clear sky
74,Kuytun,RU,54.3419,101.5036,53.96,78,100,6.29,overcast clouds
75,Grimshaw,CA,56.1834,-117.6027,84.49,38,1,4.54,clear sky
76,Balabac,PH,7.9868,117.0645,81.32,76,89,4.27,overcast clouds
77,Mariani,IN,26.6667,94.3333,74.97,95,29,2.62,scattered clouds
78,Marana,US,32.4367,-111.2254,97.36,37,40,6.91,scattered clouds
79,Vila Franca Do Campo,PT,37.7167,-25.4333,73.81,88,59,5.23,broken clouds
80,College,US,64.8569,-147.8028,59.07,75,75,10.36,moderate rain
81,Jamestown,US,42.097,-79.2353,74.52,71,100,10.36,overcast clouds
82,Faanui,PF,-16.4833,-151.75,79.07,74,17,25.28,light rain
83,Beipiao,CN,41.7919,120.7792,69.08,97,100,4.43,light rain
84,Khatanga,RU,71.9667,102.5,63.25,61,100,1.28,overcast clouds
85,Mana,GF,5.6592,-53.7767,79.43,82,38,5.3,scattered clouds
86,Namatanai,PG,-3.6667,152.4333,81.91,72,69,10.78,broken clouds
87,Sapa,PH,5.1544,120.3241,80.51,79,69,2.68,broken clouds
88,Kavaratti,IN,10.5669,72.642,81.16,80,100,20.96,overcast clouds
89,Saint-Philippe,RE,-21.3585,55.7679,67.59,79,7,8.16,clear sky
90,Eyl,SO,7.9803,49.8164,76.37,72,76,23.29,broken clouds
91,Itoman,JP,26.1247,127.6694,82.42,83,20,11.5,few clouds
92,La Ronge,CA,55.1001,-105.2842,68.2,41,38,6.17,scattered clouds
93,San Cristobal,VE,7.7669,-72.225,75.38,85,43,4.34,scattered clouds
94,Bose,IT,45.4612,8.0137,76.59,71,7,5.46,clear sky
95,Georgetown,MY,5.4112,100.3354,79.9,86,20,0.0,few clouds
96,Marawi,PH,7.9986,124.2928,69.26,93,94,2.91,overcast clouds
97,Manaure,CO,11.7751,-72.4445,88.36,53,45,17.0,scattered clouds
98,Luau,AO,-10.7073,22.2247,61.25,32,31,3.87,scattered clouds
99,Hithadhoo,MV,-0.6,73.0833,82.09,75,100,12.21,overcast clouds
100,Puerto Ayora,EC,-0.7393,-90.3518,71.55,90,82,8.99,broken clouds
101,Buala,SB,-8.145,159.5921,82.36,73,59,8.55,broken clouds
102,Brokopondo,SR,4.75,-55.1667,78.76,81,91,3.47,overcast clouds
103,Kakamigahara,JP,35.4167,136.8667,80.78,87,87,1.97,overcast clouds
104,Butaritari,KI,3.0707,172.7902,81.16,77,6,16.71,clear sky
105,Winneba,GH,5.3511,-0.6231,74.84,89,57,14.43,broken clouds
106,Severo-Yeniseyskiy,RU,60.3725,93.0408,55.29,88,100,2.82,overcast clouds
107,Port Blair,IN,11.6667,92.75,81.21,80,80,2.71,broken clouds
108,San Juan,AR,-31.5375,-68.5364,53.56,61,77,14.76,broken clouds
109,Vao,NC,-22.6667,167.4833,69.21,70,52,10.92,broken clouds
110,Bollnas,SE,61.3482,16.3946,48.34,76,68,4.38,broken clouds
111,Natal,BR,-5.795,-35.2094,75.85,94,20,4.61,light rain
112,Tynne,UA,50.6015,26.1849,58.53,91,86,3.36,overcast clouds
113,Ludza,LV,56.55,27.7167,53.06,83,3,6.55,clear sky
114,Kimbe,PG,-5.5502,150.1429,78.93,85,41,3.33,scattered clouds
115,Hilo,US,19.7297,-155.09,90.28,90,38,1.99,scattered clouds
116,Batemans Bay,AU,-35.7167,150.1833,49.1,73,5,5.3,clear sky
117,Chokurdakh,RU,70.6333,147.9167,54.5,45,91,12.59,overcast clouds
118,Coquimbo,CL,-29.9533,-71.3436,57.11,79,82,10.71,broken clouds
119,Alekseyevsk,RU,57.8406,108.3492,59.47,98,100,2.84,overcast clouds
120,Katangli,RU,51.7102,143.2326,57.47,78,94,3.65,overcast clouds
121,Verkhnevilyuysk,RU,63.4453,120.3167,71.33,74,15,4.65,few clouds
122,Beisfjord,NO,68.3751,17.5988,52.05,96,100,6.33,light rain
123,Caucaia,BR,-3.7361,-38.6531,80.04,75,0,10.36,clear sky
124,San Carlos De Bariloche,AR,-41.1456,-71.3082,42.55,70,20,16.11,few clouds
125,Iqaluit,CA,63.7506,-68.5145,47.98,69,83,6.29,broken clouds
126,Abashiri,JP,44.0213,144.2697,67.95,88,34,1.05,scattered clouds
127,Komsomolskiy,UZ,40.4272,71.7189,81.32,44,30,2.3,scattered clouds
128,Elizabeth City,US,36.2946,-76.2511,86.0,78,20,6.91,few clouds
129,Sfantu Gheorghe,RO,45.8667,25.7833,71.26,86,33,3.0,scattered clouds
130,Aksu,CN,41.1231,80.2644,84.0,25,35,3.2,scattered clouds
131,Gravdal,NO,68.1214,13.5031,48.09,100,75,9.22,broken clouds
132,Chuy,UY,-33.6971,-53.4616,58.82,98,98,5.68,overcast clouds
133,Owando,CG,-0.4819,15.8999,75.67,67,97,1.92,overcast clouds
134,Heihe,CN,50.2441,127.4902,68.58,86,99,5.3,overcast clouds
135,Hambantota,LK,6.1241,81.1185,78.4,82,97,6.35,overcast clouds
136,Port Hardy,CA,50.6996,-127.4199,73.58,68,20,11.5,few clouds
137,Sorland,NO,67.667,12.6934,49.86,81,95,15.26,overcast clouds
138,Kapaa,US,22.0752,-159.319,84.52,66,20,12.66,few clouds
139,Conde,BR,-7.2597,-34.9075,74.66,88,0,5.75,clear sky
140,Kango,GA,0.1943,10.0951,72.82,87,97,3.51,overcast clouds
141,Faya,SA,18.3851,42.4509,66.72,68,100,3.09,light rain
142,Prabumulih,ID,-3.45,104.25,74.23,92,100,3.04,overcast clouds
143,Clyde River,CA,70.4692,-68.5914,39.79,88,100,6.93,overcast clouds
144,Kungurtug,RU,50.5994,97.5228,46.36,96,98,0.96,overcast clouds
145,Luderitz,NA,-26.6481,15.1594,56.7,72,0,3.29,clear sky
146,Shahr-E Babak,IR,30.1165,55.1186,68.65,78,100,3.62,light rain
147,Klaksvik,FO,62.2266,-6.589,52.72,93,100,12.3,overcast clouds
148,Amga,RU,60.8953,131.9608,72.37,63,11,1.92,few clouds
149,Dikson,RU,73.5069,80.5464,41.25,95,91,11.18,overcast clouds
150,Ilulissat,GL,69.2167,-51.1,44.62,87,75,6.91,broken clouds
151,Kismayo,SO,-0.3582,42.5454,75.31,79,80,17.36,broken clouds
152,Tsogni,GA,-2.7942,10.0988,68.49,91,43,5.64,scattered clouds
153,Minab,IR,27.1467,57.0801,84.54,83,46,7.25,moderate rain
154,Gat,IL,31.61,34.7642,80.82,61,0,3.38,clear sky
155,Riviere-Au-Renard,CA,48.9957,-64.3971,66.49,78,91,3.06,overcast clouds
156,Panzhihua,CN,26.5851,101.7128,67.57,95,93,2.1,overcast clouds
157,Caravelas,BR,-17.7125,-39.2481,69.37,81,4,3.67,clear sky
158,Mayumba,GA,-3.432,10.6554,69.75,87,86,5.57,overcast clouds
159,Ostersund,SE,63.1792,14.6357,48.65,81,100,13.8,overcast clouds
160,Haimen,CN,23.1935,116.6142,80.49,81,62,3.83,broken clouds
161,Kudahuvadhoo,MV,2.6708,72.8944,82.22,75,97,14.52,overcast clouds
162,Alikovo,RU,55.7383,46.7549,61.29,84,29,4.85,scattered clouds
163,Zhezkazgan,KZ,47.8043,67.7144,72.68,49,0,7.63,clear sky
164,Mezen,RU,65.8522,44.24,64.72,76,66,8.79,broken clouds
165,Banda Aceh,ID,5.5577,95.3222,77.63,82,99,5.75,overcast clouds
166,Bathsheba,BB,13.2167,-59.5167,80.06,92,75,24.16,broken clouds
167,Calabozo,VE,8.9242,-67.4293,82.0,74,72,4.76,broken clouds
168,Sur,OM,22.5667,59.5289,81.32,73,29,17.69,scattered clouds
169,Norman Wells,CA,65.282,-126.8329,68.13,37,98,0.87,overcast clouds
170,Pevek,RU,69.7008,170.3133,34.88,90,100,3.94,overcast clouds
171,Nouakchott,MR,18.0858,-15.9785,82.33,83,59,21.45,broken clouds
172,Lavrentiya,RU,65.5833,-171.0,40.95,85,100,7.07,overcast clouds
173,Grand-Lahou,CI,5.1367,-5.0242,75.49,87,97,12.84,overcast clouds
174,Lincoln,US,40.8,-96.667,90.9,40,0,5.99,clear sky
175,Dunedin,NZ,-45.8742,170.5036,44.8,91,100,3.0,overcast clouds
176,Hasaki,JP,35.7333,140.8333,81.28,87,100,11.41,overcast clouds
177,Guerrero Negro,MX,27.9769,-114.0611,78.96,54,47,14.74,scattered clouds
178,Kochi,IN,9.9399,76.2602,76.01,91,99,1.63,overcast clouds
179,Shelburne,CA,44.0787,-80.2041,74.75,51,75,11.25,broken clouds
180,Mayo,US,38.8876,-76.5119,89.37,79,75,5.99,broken clouds
181,Olafsvik,IS,64.8945,-23.7142,50.65,81,79,20.78,broken clouds
182,Lompoc,US,34.6391,-120.4579,87.01,72,0,14.0,clear sky
183,Geraldton,AU,-28.7667,114.6,57.61,67,100,10.36,overcast clouds
184,Bethel,US,41.3712,-73.414,84.36,59,20,9.22,few clouds
185,Fairbanks,US,64.8378,-147.7164,58.08,74,75,10.36,moderate rain
186,Kelvington,CA,52.1667,-103.5343,62.15,61,83,10.8,broken clouds
187,Qaqortoq,GL,60.7167,-46.0333,43.47,82,39,2.93,scattered clouds
188,Kuminskiy,RU,58.6667,66.5667,53.15,82,100,6.22,overcast clouds
189,Matara,LK,5.9485,80.5353,75.25,91,97,6.64,overcast clouds
190,Vardo,NO,70.3705,31.1107,58.98,88,75,11.5,broken clouds
191,Maragogi,BR,-9.0122,-35.2225,72.59,88,20,7.47,few clouds
192,Vila Velha,BR,-20.3297,-40.2925,71.94,79,20,0.0,few clouds
193,Lorengau,PG,-2.0226,147.2712,83.46,74,31,10.25,scattered clouds
194,Tecalitlan,MX,19.4667,-103.3,75.65,71,100,2.59,overcast clouds
195,Esperance,AU,-33.8667,121.9,51.96,71,19,15.41,few clouds
196,Kemijarvi,FI,66.7131,27.4306,55.22,89,59,7.27,broken clouds
197,Tual,ID,-5.6667,132.75,78.91,85,49,23.2,scattered clouds
198,Filadelfia,US,39.9523,-75.1638,87.03,62,75,8.05,broken clouds
199,Kahului,US,20.8947,-156.47,87.82,59,20,25.32,few clouds
200,Nelson Bay,AU,-32.7167,152.15,52.0,84,5,8.99,clear sky
201,Tautira,PF,-17.7333,-149.15,77.9,74,81,24.16,broken clouds
202,Umm Lajj,SA,25.0213,37.2685,88.16,47,99,4.23,overcast clouds
203,Soyo,AO,-6.1349,12.3689,69.98,90,45,8.28,scattered clouds
204,Jhawarian,PK,32.3614,72.6228,83.43,78,61,5.55,broken clouds
205,Souillac,MU,-20.5167,57.5167,68.38,83,75,8.05,broken clouds
206,Haikou,CN,20.0458,110.3417,79.43,88,60,5.21,broken clouds
207,Kodinsk,RU,58.6881,99.1844,57.07,92,100,2.04,overcast clouds
208,Gamba,GA,-2.65,10.0,69.67,89,45,5.97,scattered clouds
209,Mabay,PH,6.0577,124.4666,77.9,82,89,3.18,overcast clouds
210,Nikolskoye,RU,59.7035,30.7861,60.69,97,100,4.05,overcast clouds
211,Roma,US,43.2128,-75.4557,82.96,59,0,4.61,clear sky
212,Narsaq,GL,60.9167,-46.05,53.82,82,19,5.1,few clouds
213,Balikpapan,ID,-1.2675,116.8289,77.99,94,20,5.75,light rain
214,Guaraniacu,BR,-25.1008,-52.8781,61.59,77,62,0.36,broken clouds
215,Santa Maria,BR,-29.6842,-53.8069,68.09,88,100,3.36,overcast clouds
216,Progreso,MX,21.2833,-89.6667,75.31,74,51,17.22,broken clouds
217,Tvoroyri,FO,61.5556,-6.8111,52.47,93,93,14.97,overcast clouds
218,Derzhavinsk,KZ,51.1,66.3167,64.11,86,18,15.48,few clouds
219,Katsuura,JP,35.1333,140.3,80.33,87,100,11.27,overcast clouds
220,Bataipora,BR,-22.2953,-53.2711,75.58,34,3,2.53,clear sky
221,San Jeronimo,PE,-11.9472,-75.2829,60.69,40,51,8.01,broken clouds
222,Scarborough,GB,54.2797,-0.4044,60.37,84,100,8.01,overcast clouds
223,Brasilia,BR,-15.7797,-47.9297,70.72,43,0,6.91,clear sky
224,Wasilla,US,61.5814,-149.4394,68.4,47,0,5.99,clear sky
225,Autun,FR,46.95,4.3,58.57,60,24,3.42,few clouds
226,Turbo,CO,8.0937,-76.7269,79.9,87,72,8.41,broken clouds
227,Mangla,PK,31.8931,72.3817,85.91,73,95,7.07,overcast clouds
228,Ojinaga,MX,29.5667,-104.4167,98.42,32,0,6.91,clear sky
229,Ustka,PL,54.5805,16.8619,56.64,78,95,17.58,overcast clouds
230,Lokosovo,RU,61.1333,74.8167,52.3,82,96,6.2,overcast clouds
231,Staryy Nadym,RU,65.6118,72.6842,50.52,78,4,9.19,clear sky
232,Cayenne,GF,4.9333,-52.3333,78.1,1,0,0.0,clear sky
233,Beder,DK,56.0602,10.2118,55.15,85,1,10.47,clear sky
234,Saint-Louis,SN,16.3333,-15.0,84.43,64,59,21.83,broken clouds
235,Poplar Bluff,US,36.757,-90.3929,97.34,64,0,6.91,clear sky
236,Yulara,AU,-25.2406,130.9889,40.21,46,5,9.62,clear sky
237,Upernavik,GL,72.7868,-56.1549,40.17,85,100,2.86,overcast clouds
238,Airai,TL,-8.9266,125.4092,50.77,81,40,4.29,scattered clouds
239,Raypur,IN,22.4108,88.5094,82.36,86,84,5.64,broken clouds
240,La Cruz,MX,23.9167,-106.9,87.24,66,95,11.23,overcast clouds
241,Kiama,AU,-34.6833,150.8667,54.37,69,0,7.92,clear sky
242,Bangsund,NO,64.3968,11.3949,50.92,87,100,4.34,overcast clouds
243,Nurota,UZ,40.5614,65.6886,80.65,27,60,11.07,broken clouds
244,Yaring,TH,6.8662,101.3689,77.2,86,100,3.18,overcast clouds
245,Labuhan,ID,-6.8844,112.2051,75.51,88,54,5.57,broken clouds
246,Kamenka,RU,51.3223,42.7678,70.09,66,53,5.23,broken clouds
247,Kununurra,AU,-15.7667,128.7333,60.78,41,20,6.91,few clouds
248,Codrington,AU,-38.2667,141.9667,43.43,86,69,6.87,broken clouds
249,Ponta Do Sol,PT,32.6667,-17.1,72.72,81,0,7.49,clear sky
250,Alice Springs,AU,-23.7,133.8833,27.95,74,11,5.75,few clouds
251,Mareeba,AU,-17.0,145.4333,65.12,85,43,3.2,scattered clouds
252,Shache,CN,38.4167,77.2406,82.71,17,7,3.76,clear sky
253,Lagoa,PT,39.05,-27.9833,72.14,83,69,9.98,broken clouds
254,Camargo,MX,27.6667,-105.1667,91.63,27,33,8.86,scattered clouds
255,Porto Novo,BJ,6.4965,2.6036,74.89,91,100,9.42,light rain
256,Sibu,MY,2.3,111.8167,72.79,99,100,1.45,light rain
257,Los Llanos De Aridane,ES,28.6585,-17.9182,73.13,89,40,20.71,scattered clouds
258,Asau,RO,46.4333,26.4,65.32,85,5,2.75,light rain
259,Nishihara,JP,26.1842,127.7558,81.68,84,20,11.5,few clouds
260,Parit Buntar,MY,5.1267,100.4932,79.95,91,80,2.42,broken clouds
261,Harper,LR,4.375,-7.7169,75.27,77,98,11.16,overcast clouds
262,Broken Hill,AU,-31.95,141.4333,42.69,67,78,1.48,broken clouds
263,Yarmouth,US,41.7057,-70.2286,82.87,55,0,14.97,clear sky
264,Namibe,AO,-15.1961,12.1522,62.82,89,16,6.51,few clouds
265,Minna,NG,9.6139,6.5569,74.43,89,94,5.5,overcast clouds
266,Nouadhibou,MR,20.931,-17.0347,71.24,83,20,29.26,few clouds
267,Rawson,AR,-43.3002,-65.1023,44.33,74,16,11.32,few clouds
268,Dingle,PH,10.9995,122.6711,76.06,90,83,3.09,broken clouds
269,Mahebourg,MU,-20.4081,57.7,68.29,83,75,8.05,broken clouds
270,Lakselv,NO,70.0513,24.9718,51.62,87,100,21.85,light intensity drizzle
271,Sitka,US,57.0531,-135.33,60.69,72,40,10.36,scattered clouds
272,Korla,CN,41.7597,86.1469,82.56,23,37,8.16,scattered clouds
273,Katobu,ID,-4.9408,122.5276,72.37,86,56,4.92,broken clouds
274,Maceio,BR,-9.6658,-35.7353,74.64,83,75,2.3,broken clouds
275,Honiara,SB,-9.4333,159.95,81.75,73,89,4.25,overcast clouds
276,Shar,KZ,49.5886,81.0453,71.33,31,27,7.81,scattered clouds
277,Male,MV,4.1748,73.5089,81.86,76,95,14.45,overcast clouds
278,Inhambane,MZ,-23.865,35.3833,64.51,76,0,5.37,clear sky
279,Port Moresby,PG,-9.4431,147.1797,76.62,86,70,8.97,broken clouds
280,Kirakira,SB,-10.4544,161.9205,80.1,82,85,5.32,overcast clouds
281,Sinop,TR,41.7711,34.8709,61.32,57,0,6.22,clear sky
282,Ghanzi,BW,-21.5667,21.7833,59.9,33,9,11.32,clear sky
283,Baiyin,CN,36.5583,104.2081,67.93,38,9,1.66,clear sky
284,Santa Catalina,PH,9.3337,122.8637,78.6,87,91,3.09,overcast clouds
285,Catanzaro,IT,38.8908,16.5987,81.75,49,0,5.97,clear sky
286,Touros,BR,-5.1989,-35.4608,75.9,80,50,13.38,scattered clouds
287,Luwuk,ID,-0.9516,122.7875,76.17,93,99,5.7,overcast clouds
288,Meulaboh,ID,4.1363,96.1285,74.98,90,100,5.14,overcast clouds
289,Nicoya,CR,10.1483,-85.452,79.54,83,76,2.91,broken clouds
290,San Rafael Del Sur,NI,11.8485,-86.4384,84.81,66,68,5.66,broken clouds
291,Kribi,CM,2.95,9.9167,75.31,90,100,8.77,overcast clouds
292,Otane,NZ,-39.8833,176.6333,60.01,81,99,6.42,light rain
293,Wattegama,LK,6.7989,81.4808,73.89,91,98,2.04,overcast clouds
294,Yankton,US,42.8711,-97.3973,91.11,30,75,11.5,broken clouds
295,Alexandria,EG,31.2156,29.9553,78.96,71,0,5.5,clear sky
296,San Rafael,AR,-34.6177,-68.3301,50.14,63,100,5.79,overcast clouds
297,Les Cayes,HT,18.2,-73.75,82.13,73,73,4.38,broken clouds
298,Save,BJ,8.0425,2.486,73.18,93,89,6.87,light rain
299,Lebedinyy,RU,58.5167,125.5167,72.61,58,3,1.88,clear sky
300,Athabasca,CA,54.7169,-113.2854,80.58,48,42,4.54,scattered clouds
301,Wittmund,DE,53.5667,7.7833,58.03,76,100,8.05,overcast clouds
302,Cherskiy,RU,68.75,161.3,51.46,52,48,1.16,scattered clouds
303,Evensk,RU,61.95,159.2333,54.23,59,94,6.53,overcast clouds
304,Koslan,RU,63.4564,48.8989,56.25,68,78,5.61,broken clouds
305,Kang,BW,-23.6752,22.7876,60.82,35,21,8.61,few clouds
306,Coahuayana,MX,18.7333,-103.6833,85.24,64,97,4.25,overcast clouds
307,La Serena,CL,-29.9078,-71.2542,56.71,88,20,10.36,few clouds
308,Atambua,ID,-9.1061,124.8925,65.95,81,39,6.69,scattered clouds
309,Valea Ierii,RO,46.65,23.35,59.67,67,70,3.49,broken clouds
310,Aklavik,CA,68.2191,-135.0107,60.76,40,53,20.51,broken clouds
311,Amahai,ID,-3.3333,128.9167,76.42,92,93,8.97,light rain
312,Bambous Virieux,MU,-20.3428,57.7575,69.22,83,75,8.05,broken clouds
313,Voh,NC,-20.9667,164.7,72.3,72,100,6.6,overcast clouds
314,Rudbar,AF,30.15,62.6,91.22,44,13,10.65,few clouds
315,Mugango,TZ,-1.6833,33.7,68.9,70,41,5.32,scattered clouds
316,Ostrovnoy,RU,68.0531,39.5131,61.39,87,100,17.49,overcast clouds
317,Thompson,CA,55.7435,-97.8558,54.21,90,100,3.69,overcast clouds
318,Grindavik,IS,63.8424,-22.4338,50.47,87,75,20.71,broken clouds
319,Santa Catarina De Tepehuanes,MX,25.35,-105.7333,69.03,69,74,6.51,broken clouds
320,Mossendjo,CG,-2.9506,12.7261,66.6,83,22,4.32,few clouds
321,Sechura,PE,-5.5569,-80.8222,73.15,62,17,18.25,few clouds
322,Bubaque,GW,11.2833,-15.8333,79.86,79,100,12.8,overcast clouds
323,Skoutari,GR,41.0167,23.5167,79.3,73,9,1.01,clear sky
324,Havelock,US,34.8791,-76.9013,93.16,80,77,8.01,broken clouds
325,Fallon,US,39.4735,-118.7774,102.92,7,6,8.5,clear sky
326,Ohara,JP,35.25,140.3833,80.02,87,100,11.27,overcast clouds
327,Mount Gambier,AU,-37.8333,140.7667,37.31,100,72,6.91,broken clouds
328,Olinda,BR,-8.0089,-34.8553,74.93,83,20,6.91,light rain
329,Storforshei,NO,66.4043,14.5233,48.65,81,100,5.75,overcast clouds
330,Gigmoto,PH,13.7796,124.39,80.82,85,100,3.96,light rain
331,Plettenberg Bay,ZA,-34.0527,23.3716,56.1,79,0,5.82,clear sky
332,Lahijan,IR,37.2061,50.0029,74.21,92,20,3.36,light rain
333,Rodeo,US,38.033,-122.2669,97.12,55,0,9.22,clear sky
334,Naro Moru,KE,-0.1676,37.0213,55.33,85,100,9.64,overcast clouds
335,Beba,CU,22.4437,-79.7253,88.07,77,99,13.76,overcast clouds
336,Puerto Montt,CL,-41.4698,-72.9447,50.83,76,75,3.44,broken clouds
337,Chernyshevskiy,RU,63.0128,112.4714,69.44,87,20,3.53,few clouds
338,Damara,CF,4.9608,18.7035,71.04,94,98,3.0,overcast clouds
339,Bria,CF,6.5423,21.9863,69.89,96,100,3.15,overcast clouds
340,Padang,ID,-0.9492,100.3543,76.86,80,89,4.18,overcast clouds
341,Torbay,CA,47.6666,-52.7314,64.27,93,65,12.37,broken clouds
342,Berezovyy,RU,51.6667,135.7,66.2,83,70,0.92,broken clouds
343,Masingbi,SL,8.7833,-11.95,72.46,97,100,2.13,light rain
344,Maniwaki,CA,46.3834,-75.966,77.04,48,100,3.2,overcast clouds
345,Tezu,IN,27.9167,96.1667,75.25,95,88,2.53,overcast clouds
346,Cabadiangan,PH,9.7531,122.4739,78.35,89,100,2.53,overcast clouds
347,Udachnyy,RU,66.4167,112.4,73.45,73,57,2.51,broken clouds
348,Ribeira Grande,PT,38.5167,-28.7,73.99,89,70,12.91,broken clouds
349,Ellisras,ZA,-23.6649,27.7443,60.53,43,0,3.27,clear sky
350,Coshocton,US,40.272,-81.8596,82.26,81,88,1.01,overcast clouds
351,Paamiut,GL,61.994,-49.6678,42.8,93,41,16.93,scattered clouds
352,Westport,US,41.1415,-73.3579,83.75,60,0,11.5,clear sky
353,Solnechnyy,RU,50.7214,136.6319,67.19,82,70,3.49,moderate rain
354,Asyut,EG,27.181,31.1837,88.16,20,5,6.58,clear sky
355,Fukue,JP,32.6881,128.8419,80.65,86,10,8.68,clear sky
356,La Paz,BO,-16.5,-68.15,58.98,18,5,10.36,clear sky
357,Sioux Lookout,CA,50.1001,-91.917,60.87,88,75,4.61,broken clouds
358,Aripuana,BR,-9.1667,-60.6333,82.33,37,26,1.01,scattered clouds
359,Kwinana,AU,-32.25,115.7667,58.14,63,50,8.68,scattered clouds
360,Pinawa,CA,50.1489,-95.8811,61.32,81,89,12.24,overcast clouds
361,Yabrud,SY,33.9674,36.6574,71.02,30,0,0.67,clear sky
362,Goma,CD,-1.6792,29.2228,66.63,69,90,1.14,overcast clouds
363,Adrar,MR,20.5022,-10.0711,102.25,9,6,12.93,clear sky
364,Kashi,CN,39.4547,75.9797,85.82,17,36,4.65,scattered clouds
365,Saint Anthony,US,45.0205,-93.218,82.92,43,40,17.27,scattered clouds
366,Bourail,NC,-21.5667,165.4833,71.49,71,100,4.79,overcast clouds
367,Roebourne,AU,-20.7833,117.1333,67.41,48,7,8.77,clear sky
368,North Platte,US,41.1239,-100.7654,87.69,41,100,6.91,overcast clouds
369,Longyearbyen,SJ,78.2186,15.6401,46.24,71,75,20.71,broken clouds
370,Helong,CN,42.5397,128.9972,69.17,92,67,2.84,broken clouds
371,Maarianhamina,AX,60.0973,19.9348,58.86,72,0,4.61,clear sky
372,Xiamen,CN,24.4798,118.0819,80.33,87,33,1.77,scattered clouds
373,Saint-Georges,GD,12.0564,-61.7485,80.28,89,40,2.3,scattered clouds
374,Taoudenni,ML,22.6783,-3.9836,102.7,6,0,18.57,clear sky
375,Kruisfontein,ZA,-34.0033,24.7314,55.22,85,60,3.15,broken clouds
376,Sistranda,NO,63.7256,8.834,49.96,72,100,13.13,overcast clouds
377,Latur,IN,18.4,76.5833,75.38,83,100,5.32,overcast clouds
378,Bijie,CN,27.3125,105.2942,61.63,91,80,2.73,broken clouds
379,Zyryanskoye,RU,56.8306,86.6258,55.38,87,2,5.28,clear sky
380,Mazatlan,MX,23.2167,-106.4167,88.02,82,75,8.05,broken clouds
381,Nizwa,OM,22.9333,57.5333,77.16,82,88,6.58,overcast clouds
382,Hami,CN,42.8,93.45,81.03,14,22,6.53,few clouds
383,Ixtapa,MX,20.7,-105.2,88.23,70,75,9.22,broken clouds
384,Lazaro Cardenas,MX,17.9583,-102.2,85.01,66,99,8.28,overcast clouds
385,Kapiri Mposhi,ZM,-13.9652,28.6809,54.88,75,37,6.42,scattered clouds
386,Odesskoye,RU,54.2111,72.9651,67.96,62,100,6.93,overcast clouds
387,Bozoum,CF,6.3193,16.3799,68.16,96,100,2.17,overcast clouds
388,Mindelo,CV,16.8901,-24.9804,81.95,69,20,6.91,few clouds
389,Acandi,CO,8.5063,-77.2778,80.11,90,84,2.06,broken clouds
390,Sangar,RU,63.9242,127.4739,70.99,66,1,1.48,clear sky
391,Pesochnoye,RU,58.006,39.1772,63.57,97,94,5.48,overcast clouds
392,Camana,PE,-16.6228,-72.7111,60.84,84,68,9.91,broken clouds
393,Usinsk,RU,65.9939,57.5281,58.44,59,99,11.27,overcast clouds
394,Manzanillo,CU,20.3433,-77.1167,87.94,60,48,14.43,scattered clouds
395,Vernon,CA,50.2581,-119.2691,101.23,20,3,1.01,clear sky
396,Kaduy,RU,59.2,37.15,64.2,96,72,4.23,broken clouds
397,Saint-Prosper,CA,46.2117,-70.4811,75.49,56,79,7.09,broken clouds
398,Beringovskiy,RU,63.05,179.3167,47.68,90,84,5.3,broken clouds
399,Bongandanga,CD,1.5,21.05,71.26,95,100,1.54,light rain
400,Maumere,ID,-8.6199,122.2111,74.5,78,56,6.31,broken clouds
401,Moussoro,TD,13.6408,16.4901,76.71,76,100,9.35,overcast clouds
402,Paris,FR,48.8534,2.3488,70.09,48,0,12.66,clear sky
403,Breytovo,RU,58.2993,37.8617,64.35,94,76,7.74,broken clouds
404,Sisimiut,GL,66.9395,-53.6735,45.86,78,67,7.87,broken clouds
405,Barra Do Garcas,BR,-15.89,-52.2567,76.77,28,0,2.24,clear sky
406,Manosque,FR,43.8288,5.7869,68.45,48,0,2.39,clear sky
407,Beachwood,US,41.4645,-81.5087,79.0,88,100,12.66,overcast clouds
408,Cohoes,US,42.7742,-73.7001,85.1,51,75,3.0,broken clouds
409,Mount Isa,AU,-20.7333,139.5,53.37,40,0,1.14,clear sky
410,Hauterive,FR,46.0901,3.4459,59.76,59,15,2.26,few clouds
411,Kavieng,PG,-2.5744,150.7967,83.41,72,47,16.69,scattered clouds
412,Port Hawkesbury,CA,45.6169,-61.3485,77.92,53,40,4.61,scattered clouds
413,Dandong,CN,40.1292,124.3947,74.95,89,96,4.43,overcast clouds
414,Port Lincoln,AU,-34.7333,135.8667,49.42,86,70,8.21,broken clouds
415,Strezhevoy,RU,60.7333,77.5889,53.24,80,100,7.25,overcast clouds
416,Horsham,GB,51.064,-0.3272,64.6,69,0,8.05,clear sky
417,Xudat,AZ,41.631,48.681,72.48,79,1,8.88,clear sky
418,Tirumullaivasal,IN,11.2333,79.8333,81.45,78,97,3.78,overcast clouds
419,Bilma,NE,18.6853,12.9164,91.63,12,42,11.18,scattered clouds
420,Palmer,US,42.1584,-72.3287,84.24,49,75,4.61,broken clouds
421,Coihaique,CL,-45.5752,-72.0662,42.75,52,75,5.75,broken clouds
422,Taltal,CL,-25.4,-70.4833,61.56,77,93,3.38,overcast clouds
423,Alto Araguaia,BR,-17.3147,-53.2153,73.31,25,0,2.33,clear sky
424,Ust-Kulom,RU,61.6864,53.6902,53.87,77,7,1.74,clear sky
425,Alofi,NU,-19.0595,-169.9187,78.69,73,13,14.97,few clouds
426,Kaspiyskiy,RU,45.3929,47.3707,72.18,75,97,10.78,light rain
427,Qostanay,KZ,53.1667,63.5833,61.09,82,40,13.42,scattered clouds
428,Lake City,US,30.1897,-82.6393,89.85,58,40,8.05,scattered clouds
429,Campbellsville,US,37.3434,-85.3419,89.15,52,39,5.01,scattered clouds
430,Vidim,RU,56.4088,103.1106,56.07,87,100,2.68,overcast clouds
431,Poso,ID,-1.3959,120.7524,76.08,83,34,5.14,scattered clouds
432,Moron,AR,-34.6534,-58.6198,64.0,96,85,4.03,overcast clouds
433,Santiago,CL,-33.4569,-70.6483,54.86,69,75,6.91,broken clouds
434,Rio Gallegos,AR,-51.6226,-69.2181,32.05,64,0,9.22,clear sky
435,Nizhniy Kuranakh,RU,58.8353,125.4869,68.36,68,4,2.86,clear sky
436,Byron Bay,AU,-28.65,153.6167,54.95,61,98,6.64,overcast clouds
437,Malinyi,TZ,-8.9333,36.1333,67.32,60,62,4.14,broken clouds
438,Boende,CD,-0.2167,20.8667,71.82,94,100,0.51,overcast clouds
439,Gbarnga,LR,6.9956,-9.4722,69.66,99,92,3.15,overcast clouds
440,Orsk,RU,51.2049,58.5668,59.9,100,50,6.71,scattered clouds
441,Zhanakorgan,KZ,43.9098,67.2495,78.55,32,0,8.39,clear sky
442,Kharan,PK,28.5833,65.4167,84.63,62,95,7.85,overcast clouds
443,Ust-Koksa,RU,50.2696,85.6108,50.49,82,4,0.56,clear sky
444,Manggar,ID,-2.8833,108.2667,79.23,85,100,11.54,overcast clouds
445,Asfi,MA,32.2994,-9.2372,70.05,82,0,18.79,clear sky
446,Timoteo,BR,-19.5825,-42.6444,65.26,65,2,3.04,clear sky
447,Barmer,IN,25.75,71.3833,79.65,84,98,16.42,moderate rain
448,Payo,ID,-3.7508,103.6372,73.24,97,98,1.52,overcast clouds
449,Corning,US,42.1428,-77.0547,83.57,63,75,11.5,broken clouds
450,Camacari,BR,-12.6975,-38.3242,71.37,90,64,4.76,broken clouds
451,Kalevala,RU,65.2,31.1667,58.23,82,48,6.49,scattered clouds
452,Makakilo City,US,21.3469,-158.0858,86.32,49,20,17.27,few clouds
453,Kaitangata,NZ,-46.2817,169.8464,44.26,95,100,5.35,overcast clouds
454,Laguna,US,38.421,-121.4238,99.34,34,0,8.05,clear sky
455,Surt,LY,31.2089,16.5887,80.8,71,0,7.27,clear sky
456,Jutai,BR,-5.1833,-68.9,85.24,57,49,1.77,scattered clouds
457,Wexford,IE,52.3342,-6.4575,56.89,85,94,4.0,overcast clouds
458,Priyutovo,RU,53.9,53.9333,60.42,90,2,7.49,clear sky
459,Alyangula,AU,-13.8483,136.4192,70.9,75,3,14.05,clear sky
460,Samarai,PG,-10.6167,150.6667,77.65,89,100,15.21,overcast clouds
461,Escanaba,US,45.7453,-87.0646,80.56,57,40,12.66,scattered clouds
462,Henties Bay,NA,-22.116,14.2845,54.28,79,4,0.78,clear sky
463,Joshimath,IN,30.5667,79.5667,69.98,91,100,0.78,moderate rain
464,Talnakh,RU,69.4865,88.3972,54.21,68,45,4.97,scattered clouds
465,Mananjary,MG,-21.2167,48.3333,63.37,92,4,4.18,clear sky
466,Chimbarongo,CL,-34.7,-71.05,56.28,83,72,1.83,broken clouds
467,Leningradskiy,RU,69.3833,178.4167,38.12,84,96,4.88,overcast clouds
468,Zabaykalsk,RU,49.6333,117.3167,58.51,90,53,6.13,broken clouds
469,Graaff-Reinet,ZA,-32.2522,24.5308,44.92,90,4,1.86,clear sky
470,Bemidji,US,47.4736,-94.8803,71.69,49,40,16.11,scattered clouds
471,Kinsale,IE,51.7075,-8.5306,58.37,77,75,5.75,broken clouds
472,Flagstaff,US,35.1981,-111.6513,77.31,82,0,5.75,light rain
473,Abhar,IR,36.1468,49.218,65.1,84,0,7.14,clear sky
474,Pangody,RU,65.85,74.4859,49.28,80,48,8.93,scattered clouds
475,Thohoyandou,ZA,-22.9456,30.485,59.99,46,0,2.1,clear sky
476,Ler,SS,8.3018,30.1418,70.25,98,100,2.55,light rain
477,Cabedelo,BR,-6.9811,-34.8339,75.87,81,41,11.41,light rain
478,Hay River,CA,60.8156,-115.7999,66.18,68,75,12.66,broken clouds
479,Gardez,AF,33.5974,69.2259,69.87,74,21,2.1,few clouds
480,Port Macquarie,AU,-31.4333,152.9167,50.9,66,60,4.97,broken clouds
481,Almaznyy,RU,48.0448,40.045,68.99,60,42,5.46,scattered clouds
482,Stornoway,GB,58.2093,-6.3865,52.93,91,100,1.14,overcast clouds
483,Glazov,RU,58.1394,52.6584,53.94,80,3,4.09,clear sky
484,Lasa,IT,46.6166,10.7002,67.08,89,44,1.99,scattered clouds
485,Oktyabrskiy,RU,54.4815,53.471,63.73,92,43,5.06,scattered clouds
486,Havoysund,NO,70.9963,24.6622,50.23,93,100,19.62,moderate rain
487,Barcelos,PT,41.5388,-8.6151,67.91,79,41,5.32,scattered clouds
488,Sinnamary,GF,5.3833,-52.95,78.49,85,81,5.17,broken clouds
489,Daru,PG,-9.0763,143.2092,76.26,90,98,17.31,overcast clouds
490,Pokhara,NP,28.2333,83.9833,72.01,87,100,1.3,overcast clouds
491,Dubbo,AU,-32.25,148.6167,35.73,83,75,2.3,broken clouds
492,Manado,ID,1.487,124.8455,75.97,100,40,1.14,scattered clouds
493,Muzhi,RU,65.3667,64.6667,54.99,75,11,5.86,few clouds
494,Lahaina,US,20.8783,-156.6825,87.8,73,2,7.36,clear sky
495,Qasigiannguit,GL,68.8193,-51.1922,44.85,86,92,3.22,overcast clouds
496,Masuguru,TZ,-11.3667,38.4167,72.7,65,100,6.06,overcast clouds
497,Puerto Madryn,AR,-42.7692,-65.0385,45.66,73,25,9.84,scattered clouds
498,Nemuro,JP,43.3236,145.575,62.02,99,97,8.63,overcast clouds
499,Tessalit,ML,20.1986,1.0114,99.19,13,75,2.73,broken clouds
500,Saint-Francois,FR,46.4154,3.9054,62.04,67,0,1.14,clear sky
501,Santa Cruz,BO,-17.8,-63.1667,84.25,54,20,13.8,few clouds
502,Maldonado,UY,-34.6667,-54.9167,58.39,88,99,3.42,overcast clouds
503,Airdrie,GB,55.866,-3.9803,57.04,76,100,1.63,overcast clouds
504,Bandar,ID,2.05,99.75,73.35,85,100,1.74,overcast clouds
505,Siemiatycze,PL,52.4272,22.8623,58.03,74,55,7.81,broken clouds
506,Tanete,ID,-3.9443,119.7848,74.71,86,66,7.87,broken clouds
507,Turukhansk,RU,65.8167,87.9833,60.67,69,92,6.58,overcast clouds
508,Albury,AU,-36.0833,146.9167,49.01,100,100,4.0,overcast clouds
509,Kisangani,CD,0.5167,25.2,69.71,98,96,1.07,light rain
510,Pacific Grove,US,36.6177,-121.9166,77.23,76,0,10.36,clear sky
511,Adre,TD,13.4667,22.2,69.73,83,100,12.5,light rain
512,Fare,PF,-16.7,-151.0167,78.96,72,10,27.04,light rain
513,La Peca,PE,-5.6111,-78.435,75.31,70,60,4.76,light rain
514,Atikokan,CA,48.7555,-91.6216,64.76,76,85,10.71,overcast clouds
515,Mingaora,PK,34.7758,72.3625,74.93,94,98,2.04,overcast clouds
516,Bandarbeyla,SO,9.4942,50.8122,76.51,80,9,29.66,clear sky
517,Tirunelveli,IN,8.7333,77.7,80.82,73,84,4.88,broken clouds
518,Teguldet,RU,57.3064,88.1667,52.81,94,86,2.91,overcast clouds
519,Mgandu,TZ,-5.95,34.1333,60.37,65,59,8.75,broken clouds
520,Odweyne,SO,9.4092,45.064,75.45,43,42,18.45,scattered clouds
521,Verkhnetulomskiy,RU,68.6073,31.7962,60.93,92,0,5.86,clear sky
522,Tazovskiy,RU,67.4667,78.7,46.56,83,76,8.37,broken clouds
523,Sijunjung,ID,-0.6876,100.9537,69.93,96,88,1.92,overcast clouds
524,Bambanglipuro,ID,-7.95,110.2833,73.15,92,86,2.19,overcast clouds
525,Nome,US,64.5011,-165.4064,53.11,87,100,6.91,overcast clouds
526,Husavik,IS,66.0449,-17.3389,57.92,77,99,13.31,overcast clouds
527,Shihezi,CN,44.3,86.0333,76.84,22,0,2.15,clear sky
528,Tocopilla,CL,-22.092,-70.1979,63.54,73,94,11.48,overcast clouds
529,Kiruna,SE,67.8557,20.2251,49.12,71,100,11.5,overcast clouds
530,Lata,PT,40.1629,-8.3327,56.57,93,0,3.4,clear sky
531,Williams Lake,CA,52.1415,-122.1445,97.05,30,20,4.61,few clouds
532,Cabatuan,PH,10.8794,122.486,76.78,88,76,3.69,broken clouds
533,Ascension,US,30.2169,-90.9001,91.99,71,0,6.91,clear sky
534,Shimoda,JP,34.6667,138.95,80.89,86,88,5.99,overcast clouds
535,Livingston,GB,55.9029,-3.5226,56.84,87,0,4.61,clear sky
536,Nileshwar,IN,12.25,75.1,77.65,88,63,8.34,broken clouds
537,East Stroudsburg,US,40.9995,-75.1813,85.42,66,100,4.43,overcast clouds
538,Skalat,UA,49.4273,25.9787,57.92,89,51,4.59,broken clouds
539,Mitzic,GA,0.7821,11.549,68.32,95,79,4.03,broken clouds
540,Marrakesh,MA,31.6315,-8.0083,82.47,42,0,6.91,clear sky
541,Camacha,PT,33.0833,-16.3333,67.42,83,40,12.66,scattered clouds
542,Oranjemund,NA,-28.55,16.4333,52.81,91,0,5.99,clear sky
543,Ucluelet,CA,48.9329,-125.5528,66.09,85,37,5.21,scattered clouds
544,Kieta,PG,-6.2167,155.6333,81.86,74,13,8.21,few clouds
545,Sao Miguel Do Araguaia,BR,-13.275,-50.1628,77.99,27,0,4.21,clear sky
546,Goderich,CA,43.7501,-81.7165,76.91,73,38,11.5,scattered clouds
547,Vestmannaeyjar,IS,63.4427,-20.2734,52.93,91,100,13.31,overcast clouds
548,Port-Gentil,GA,-0.7193,8.7815,75.16,88,40,10.36,scattered clouds
549,Colborne,CA,44.0001,-77.8828,82.58,63,68,5.39,broken clouds
550,Karema,TZ,-6.8205,30.4389,71.24,57,36,3.62,scattered clouds
551,Aasiaat,GL,68.7098,-52.8699,37.29,94,68,5.88,broken clouds
552,Langsa,ID,4.4683,97.9683,74.16,97,100,2.19,overcast clouds
553,Omsukchan,RU,62.5333,155.8,53.87,48,31,7.54,scattered clouds
554,Tura,IN,25.5198,90.2201,75.02,89,97,3.42,overcast clouds
555,Pasni,PK,25.2631,63.471,81.5,82,100,4.65,overcast clouds
556,Ocos,GT,14.5094,-92.1933,87.98,69,63,5.21,broken clouds
557,San Patricio,US,28.017,-97.5169,94.17,46,100,14.25,overcast clouds
558,Rabaul,PG,-4.1967,152.1721,81.73,74,58,13.18,broken clouds
559,Gazojak,TM,41.1875,61.4036,80.51,32,30,10.29,scattered clouds
560,Raymondville,US,26.4815,-97.7831,87.91,40,100,15.55,overcast clouds
561,Marathon,US,44.9,-89.7668,78.33,50,100,13.8,overcast clouds
562,Takoradi,GH,4.8845,-1.7554,75.61,85,99,12.19,overcast clouds
563,Catamarca,AR,-28.4696,-65.7852,66.58,67,24,1.99,few clouds
564,Mnogovershinnyy,RU,53.9353,139.9242,62.06,76,34,3.44,scattered clouds
565,Hualmay,PE,-11.0964,-77.6139,64.29,77,20,13.76,few clouds
566,Severnoye,RU,56.3491,78.3619,61.18,95,100,4.72,overcast clouds
567,Grand Gaube,MU,-20.0064,57.6608,68.4,77,7,1.99,clear sky
568,That Phanom,TH,16.9364,104.7104,77.83,84,5,3.2,clear sky
569,Fianarantsoa,MG,-21.4333,47.0833,52.02,95,41,3.09,scattered clouds
570,Poiana Stampei,RO,47.3167,25.1333,61.03,75,49,3.62,scattered clouds
571,Yeppoon,AU,-23.1333,150.7333,49.78,59,0,5.14,clear sky
572,Salalah,OM,17.0151,54.0924,77.09,94,100,8.05,light intensity drizzle
573,Pangnirtung,CA,66.1451,-65.7125,51.8,76,75,2.3,broken clouds
574,Rocha,UY,-34.4833,-54.3333,62.94,93,98,2.8,overcast clouds
575,La Baule-Escoublac,FR,47.2922,-2.364,67.66,63,0,5.75,clear sky
576,Tecoanapa,MX,16.5167,-98.75,84.29,72,90,9.98,overcast clouds
577,Auki,SB,-8.7676,160.7034,81.99,69,8,3.91,clear sky
578,Saratoga Springs,US,43.0831,-73.7846,83.5,55,99,1.99,overcast clouds
579,Marsaxlokk,MT,35.8419,14.5431,82.08,83,0,4.61,clear sky
580,Lengshuitan,CN,26.4111,111.5956,78.3,75,66,3.8,broken clouds
581,Saldanha,ZA,-33.0117,17.9442,46.45,73,0,5.68,clear sky
582,Sikasso,ML,10.9167,-7.0,75.45,81,57,5.73,light rain
583,Moose Factory,CA,51.2585,-80.6094,66.2,88,75,3.44,broken clouds
584,Zhangye,CN,38.9342,100.4517,70.56,29,36,8.25,scattered clouds
585,Kalemie,CD,-5.9475,29.1947,70.66,63,22,2.26,few clouds
586,Kupang,ID,-10.1667,123.5833,73.83,73,19,14.45,few clouds
587,Avera,US,33.194,-82.5271,94.51,32,91,10.74,overcast clouds
588,Vakhtan,RU,57.9659,46.6889,58.84,96,0,4.29,clear sky
589,Kalmunai,LK,7.4167,81.8167,77.99,84,97,3.65,overcast clouds
590,Mao,ES,39.8885,4.2658,77.56,65,0,2.3,clear sky
591,Paita,PE,-5.0892,-81.1144,67.91,77,17,18.12,few clouds
592,Goundam,ML,16.4145,-3.6708,99.73,14,0,5.55,clear sky
593,Vanimo,PG,-2.6741,141.3028,78.73,86,43,5.75,scattered clouds
594,Zyryanka,RU,65.75,150.85,54.34,48,86,8.75,overcast clouds
595,Portel,BR,-1.9356,-50.8211,80.64,69,100,1.99,overcast clouds
596,Andenes,NO,69.3143,16.1194,48.18,93,100,14.97,overcast clouds
597,Tarbagatay,RU,51.4803,107.3602,54.93,79,100,4.65,overcast clouds
598,Hobyo,SO,5.3505,48.5268,75.6,81,94,26.62,overcast clouds
599,Maniitsoq,GL,65.4167,-52.9,42.46,90,40,15.23,scattered clouds
600,Nha Trang,VN,12.25,109.1833,77.0,89,78,3.36,broken clouds
601,Madras,IN,13.0878,80.2785,83.97,86,40,4.61,scattered clouds
602,Beya,RU,53.0533,90.9139,54.25,71,99,0.81,overcast clouds
603,Tateyama,JP,34.9833,139.8667,82.09,88,100,10.83,overcast clouds
604,Porbandar,IN,21.6422,69.6093,80.91,82,90,9.46,overcast clouds
605,Saint-Augustin,CA,51.226,-58.6502,63.61,83,90,3.78,overcast clouds
606,Nyimba,ZM,-14.5566,30.8149,63.1,58,47,6.33,scattered clouds
607,Lewisburg,US,35.4492,-86.7889,94.44,46,0,6.91,clear sky
608,Port Hedland,AU,-20.3167,118.5667,59.05,55,1,8.05,clear sky
609,Tiznit,MA,29.5833,-9.5,77.54,43,0,5.17,clear sky
610,Huilong,CN,31.8111,121.655,83.93,89,1,8.59,clear sky
611,Waw,SS,7.7029,27.9953,70.05,93,89,3.29,overcast clouds
612,Charo,MX,19.75,-101.05,63.52,82,100,12.66,overcast clouds
613,Jizan,SA,17.3333,42.6667,86.94,58,97,2.93,overcast clouds
614,Burnie,AU,-41.0667,145.9167,43.95,73,21,7.14,few clouds
615,Constanza,DE,47.6603,9.1758,66.29,70,66,3.53,broken clouds
616,Burgos,ES,42.3394,-3.7079,57.61,77,0,12.66,clear sky
617,Bonthe,SL,7.5264,-12.505,74.55,91,100,5.64,light rain
618,Ust-Nera,RU,64.5667,143.2,65.19,52,50,4.0,scattered clouds
619,Tiarei,PF,-17.5333,-149.3333,82.42,74,49,26.82,scattered clouds
620,Tuatapere,NZ,-46.1333,167.6833,44.22,95,100,0.81,overcast clouds
621,Baza,ES,37.4907,-2.7726,78.42,73,0,1.99,clear sky
622,Jieshi,CN,22.8134,115.8257,83.64,76,43,5.19,scattered clouds
623,Nyandoma,RU,61.669,40.1991,62.01,96,35,4.63,scattered clouds
624,Quatre Cocos,MU,-20.2078,57.7625,68.11,80,37,10.76,light rain
625,Bima,ID,-8.4667,118.7167,69.84,91,44,3.91,scattered clouds
626,Crateus,BR,-5.1783,-40.6775,81.54,43,97,4.88,overcast clouds
627,Kidal,ML,18.4411,1.4078,97.09,21,1,10.69,clear sky
628,Balykshi,KZ,47.0667,51.8667,71.6,60,40,4.47,scattered clouds
629,Suntar,RU,62.1444,117.6319,75.34,71,0,5.7,clear sky
630,Te Anau,NZ,-45.4167,167.7167,41.67,98,100,2.48,overcast clouds
631,Montepuez,MZ,-13.1256,38.9997,64.42,69,21,8.68,few clouds
632,Veraval,IN,20.9,70.3667,80.76,82,100,9.42,overcast clouds
633,Kysyl-Syr,RU,63.8986,122.7617,70.63,69,14,4.34,few clouds
634,Orbetello,IT,42.4408,11.2196,73.42,60,0,4.61,clear sky
635,Kailua,US,21.4022,-157.7394,89.58,67,75,11.5,broken clouds
636,Kanniyakumari,IN,8.0833,77.5667,77.27,83,94,13.94,overcast clouds
637,Carutapera,BR,-1.195,-46.02,76.89,82,61,6.87,broken clouds
638,Phonhong,LA,18.5007,102.4166,75.24,93,41,3.11,scattered clouds
639,Charters Towers,AU,-20.1,146.2667,54.34,42,0,10.96,clear sky
640,Kaduqli,SD,11.0167,29.7167,73.65,85,100,2.37,overcast clouds
641,Muros,ES,42.7762,-9.0603,65.08,71,67,6.24,broken clouds
642,Gornyy,RU,55.1153,83.9059,62.53,78,66,4.36,broken clouds
643,Sinnai,IT,39.3042,9.2036,78.94,51,0,11.5,clear sky
644,Hat Yai,TH,7.0084,100.4767,81.97,94,75,0.0,broken clouds
645,Iwanai,JP,42.9744,140.5089,73.11,81,3,1.43,clear sky
646,Shumerlya,RU,55.5005,46.4129,61.68,87,34,4.23,scattered clouds
647,Deputatskiy,RU,69.3,139.9,52.95,52,91,4.83,overcast clouds
648,Keelung,TW,25.1283,121.7419,84.11,83,0,5.12,clear sky
649,Gizo,SB,-8.103,156.8419,82.42,74,41,13.71,scattered clouds
650,Kongolo,CD,-5.3833,27.0,77.92,40,28,1.95,scattered clouds
651,Itarema,BR,-2.9248,-39.9167,79.0,78,93,14.83,overcast clouds
652,Sakakah,SA,29.9697,40.2064,89.17,13,0,12.39,clear sky
653,Gladstone,AU,-23.85,151.25,55.33,54,0,8.05,clear sky
654,Dakoro,NE,14.5106,6.765,72.0,87,100,17.11,very heavy rain
655,Walvis Bay,NA,-22.9575,14.5053,53.1,87,20,5.75,few clouds
656,Lerwick,GB,60.1545,-1.1494,53.6,79,30,5.01,scattered clouds
657,San Quintin,MX,30.4833,-115.95,73.54,68,63,13.73,broken clouds
658,Buchanan,LR,5.8808,-10.0467,74.44,88,99,10.74,light rain
659,Ilinskiy,RU,55.619,38.1182,68.31,94,0,0.0,clear sky
660,Axim,GH,4.8699,-2.2405,76.26,84,100,12.41,overcast clouds
661,Yaan,NG,7.3833,8.5667,71.82,97,98,4.09,overcast clouds
662,Okhotsk,RU,59.3833,143.3,58.5,90,100,1.52,light rain
663,Balkanabat,TM,39.5108,54.3671,91.74,27,79,15.03,broken clouds
664,Pasco,US,28.292,-82.4165,91.26,77,72,1.01,broken clouds
665,Russell,US,32.3502,-85.1999,93.0,49,0,0.0,clear sky
666,Ambilobe,MG,-13.2,49.05,65.12,88,50,2.48,scattered clouds
667,Cockburn Town,TC,21.4612,-71.1419,84.16,65,40,13.8,scattered clouds
668,Imeni Poliny Osipenko,RU,52.4201,136.4853,64.02,81,5,5.12,clear sky
669,Tombouctou,ML,20.0,-3.0,99.32,7,0,9.8,clear sky
670,Ararangua,BR,-28.9347,-49.4858,62.87,84,89,1.92,overcast clouds
671,Severnyy,RU,50.677,36.5532,69.84,73,0,6.71,clear sky
672,Ca Mau,VN,9.1769,105.15,76.98,93,81,3.47,broken clouds
673,Ahipara,NZ,-35.1667,173.1667,58.71,90,31,17.63,light rain
674,Burns Lake,CA,54.2331,-125.7533,87.22,26,2,5.03,clear sky
675,Willowmore,ZA,-33.2926,23.4895,46.96,92,1,10.36,clear sky
676,Saint-Pierre,RE,-21.3393,55.4781,69.91,75,100,2.3,overcast clouds
677,Salym,RU,60.0625,71.4789,53.8,82,100,5.37,overcast clouds
678,Aykhal,RU,66.0,111.5,72.41,70,37,4.03,scattered clouds
679,Siyabuswa,ZA,-25.1132,29.0445,61.63,43,39,6.29,scattered clouds
680,Huesca,ES,42.1362,-0.4087,74.05,50,0,2.3,clear sky
681,Pathalgaon,IN,22.5667,83.4667,75.24,86,98,1.66,overcast clouds
682,Galesong,ID,-5.3166,119.3661,69.82,76,29,9.1,scattered clouds
683,Awjilah,LY,29.1081,21.2869,83.66,44,0,14.63,clear sky
684,Richards Bay,ZA,-28.783,32.0377,64.35,91,66,5.21,broken clouds
685,Cap Malheureux,MU,-19.9842,57.6142,68.47,77,8,1.99,clear sky
686,Salaga,GH,8.5508,-0.5188,76.35,83,95,7.87,light rain
